entry_time,exit_time,direction,entry_price,exit_price,stop_loss,take_profit,position_size,pnl,pnl_pct,exit_reason,bars_held
2024-01-02 13:00:00,2024-01-02 15:30:00,SELL,98.64,92.5,101.73,92.49,32,195.03,0.0618,TP_HIT,10
2024-01-02 17:00:00,2024-01-02 22:00:00,SELL,92.91,83.35,97.71,83.34,21,199.93,0.1025,TP_HIT,20
2024-01-02 22:30:00,2024-01-03 00:15:00,SELL,83.66,88.28,88.27,74.47,22,-102.55,-0.0557,SL_HIT,7
2024-01-03 00:30:00,2024-01-03 02:45:00,SELL,85.53,86.69,90.58,75.46,20,-24.01,-0.014,SIGNAL_EXIT,9
2024-01-03 03:00:00,2024-01-03 05:30:00,BUY,88.7,85.7,83.73,98.61,20,-60.81,-0.0343,SIGNAL_EXIT,10
2024-01-03 05:45:00,2024-01-03 06:15:00,BUY,87.63,85.89,82.98,96.9,21,-37.39,-0.0203,SIGNAL_EXIT,2
2024-01-03 06:30:00,2024-01-03 08:00:00,SELL,85.25,88.28,89.88,76.02,21,-64.5,-0.036,SIGNAL_EXIT,6
2024-01-03 08:15:00,2024-01-03 09:00:00,BUY,87.36,84.53,82.61,96.83,21,-60.26,-0.0328,SIGNAL_EXIT,3
2024-01-03 09:15:00,2024-01-03 15:00:00,SELL,84.92,86.12,89.67,75.45,21,-26.04,-0.0146,SIGNAL_EXIT,23
2024-01-03 15:15:00,2024-01-03 18:30:00,BUY,87.15,84.31,82.57,96.28,21,-60.47,-0.033,SIGNAL_EXIT,13
2024-01-03 18:45:00,2024-01-04 01:00:00,SELL,83.16,84.41,88.02,73.47,20,-25.78,-0.0155,SIGNAL_EXIT,25
2024-01-04 01:15:00,2024-01-04 01:30:00,SELL,83.17,84.18,88.46,72.62,18,-18.88,-0.0126,SIGNAL_EXIT,1
2024-01-04 01:45:00,2024-01-04 11:00:00,BUY,85.65,87.86,80.47,95.98,19,41.21,0.0253,SIGNAL_EXIT,37
2024-01-04 11:15:00,2024-01-04 12:00:00,SELL,88.36,92.61,92.6,79.91,23,-98.77,-0.0486,SL_HIT,3
2024-01-04 12:15:00,2024-01-04 12:30:00,BUY,90.19,88.92,85.82,98.9,22,-28.87,-0.0146,SIGNAL_EXIT,1
2024-01-04 13:15:00,2024-01-04 14:15:00,BUY,91.09,100.23,86.5,100.24,21,190.91,0.0998,TP_HIT,4
2024-01-04 15:30:00,2024-01-04 19:45:00,BUY,100.58,95.39,95.4,110.91,19,-99.51,-0.0521,SL_HIT,17
2024-01-04 20:00:00,2024-01-04 23:00:00,BUY,101.3,95.21,95.22,113.43,16,-98.2,-0.0606,SL_HIT,12
2024-01-05 00:15:00,2024-01-05 03:00:00,BUY,101.67,95.15,94.35,116.28,13,-85.37,-0.0646,SIGNAL_EXIT,11
2024-01-05 03:15:00,2024-01-05 11:45:00,SELL,94.81,97.08,101.69,81.08,14,-32.45,-0.0244,SIGNAL_EXIT,34
2024-01-05 12:00:00,2024-01-05 17:00:00,BUY,98.03,109.11,92.47,109.12,17,187.42,0.1125,TP_HIT,20
2024-01-05 17:45:00,2024-01-06 00:00:00,BUY,106.75,102.71,102.01,116.2,20,-81.85,-0.0383,SIGNAL_EXIT,25
2024-01-06 00:15:00,2024-01-06 03:30:00,SELL,101.63,107.67,107.66,89.6,16,-97.52,-0.06,SL_HIT,13
2024-01-06 04:15:00,2024-01-06 07:45:00,BUY,107.41,118.93,101.63,118.94,16,183.33,0.1067,TP_HIT,14
2024-01-06 08:15:00,2024-01-06 09:15:00,BUY,116.16,109.47,109.48,129.49,14,-94.46,-0.0581,SL_HIT,4
2024-01-06 10:00:00,2024-01-06 16:15:00,BUY,113.42,109.33,106.56,127.11,14,-58.06,-0.0366,SIGNAL_EXIT,25
2024-01-06 17:45:00,2024-01-06 19:30:00,BUY,115.59,128.23,109.25,128.24,15,188.57,0.1088,TP_HIT,7
2024-01-06 20:30:00,2024-01-06 21:00:00,BUY,125.71,118.06,118.07,140.96,12,-92.56,-0.0614,SL_HIT,2
2024-01-06 21:30:00,2024-01-07 00:00:00,BUY,120.55,117.35,112.45,136.72,12,-39.15,-0.0271,SIGNAL_EXIT,10
2024-01-07 00:15:00,2024-01-07 09:00:00,SELL,115.07,114.86,123.1,99.04,12,1.79,0.0013,SIGNAL_EXIT,35
2024-01-07 09:15:00,2024-01-07 10:30:00,BUY,114.65,108.29,108.3,127.32,15,-96.25,-0.056,SL_HIT,5
2024-01-07 10:45:00,2024-01-07 12:00:00,SELL,106.04,112.25,112.24,93.67,15,-94.02,-0.0591,SL_HIT,5
2024-01-07 12:45:00,2024-01-07 14:15:00,BUY,112.08,108.72,104.79,126.63,13,-44.41,-0.0305,SIGNAL_EXIT,6
2024-01-07 14:30:00,2024-01-07 15:30:00,BUY,111.86,108.59,105.09,125.37,14,-46.57,-0.0297,SIGNAL_EXIT,4
2024-01-07 15:45:00,2024-01-07 22:00:00,SELL,107.63,94.63,114.15,94.62,14,181.33,0.1203,TP_HIT,25
2024-01-08 00:45:00,2024-01-08 06:00:00,SELL,90.62,92.79,95.81,80.27,18,-39.87,-0.0244,SIGNAL_EXIT,21
2024-01-08 06:15:00,2024-01-08 07:00:00,BUY,94.47,89.67,89.68,104.02,20,-96.86,-0.0513,SL_HIT,3
2024-01-08 07:15:00,2024-01-08 11:00:00,SELL,87.15,92.33,92.32,76.84,18,-94.03,-0.0599,SL_HIT,15
2024-01-08 11:15:00,2024-01-08 21:15:00,BUY,92.16,103.68,86.38,103.69,16,183.5,0.1244,TP_HIT,40
2024-01-08 21:45:00,2024-01-09 01:00:00,BUY,103.45,97.77,97.78,114.76,16,-91.66,-0.0554,SL_HIT,13
2024-01-09 01:15:00,2024-01-09 05:30:00,SELL,96.99,99.09,102.97,85.06,15,-32.24,-0.0222,SIGNAL_EXIT,17
2024-01-09 05:45:00,2024-01-09 07:15:00,BUY,99.41,95.78,93.55,111.1,16,-58.84,-0.037,SIGNAL_EXIT,6
2024-01-09 07:30:00,2024-01-09 08:15:00,SELL,95.96,101.21,101.2,85.51,18,-95.41,-0.0552,SL_HIT,3
2024-01-09 08:30:00,2024-01-10 02:00:00,SELL,95.49,93.57,101.56,83.38,15,28.11,0.0196,SIGNAL_EXIT,70
2024-01-10 02:15:00,2024-01-10 02:45:00,BUY,91.01,88.45,85.99,101.02,18,-46.84,-0.0286,SIGNAL_EXIT,2
2024-01-10 03:00:00,2024-01-10 08:15:00,SELL,88.51,89.23,93.46,78.64,18,-13.72,-0.0086,SIGNAL_EXIT,21
2024-01-10 08:30:00,2024-01-10 14:00:00,BUY,88.31,98.51,83.19,98.52,18,182.74,0.115,TP_HIT,22
2024-01-10 14:15:00,2024-01-11 09:00:00,BUY,96.98,108.22,91.34,108.23,16,178.97,0.1153,TP_HIT,75
2024-01-11 09:15:00,2024-01-11 13:15:00,BUY,107.5,118.64,101.91,118.65,17,188.33,0.1031,TP_HIT,16
2024-01-11 13:30:00,2024-01-11 16:15:00,BUY,115.16,128.52,108.46,128.53,14,186.08,0.1154,TP_HIT,11
2024-01-11 19:45:00,2024-01-11 21:30:00,BUY,136.64,149.46,130.21,149.47,15,191.05,0.0932,TP_HIT,7
2024-01-12 01:15:00,2024-01-12 03:15:00,BUY,151.28,143.36,143.37,167.04,12,-95.89,-0.0528,SL_HIT,8
2024-01-12 03:30:00,2024-01-12 08:30:00,SELL,145.23,147.3,153.98,127.76,11,-23.68,-0.0148,SIGNAL_EXIT,20
2024-01-12 08:45:00,2024-01-12 11:30:00,BUY,148.59,164.2,140.76,164.22,12,186.32,0.1045,TP_HIT,11
2024-01-12 11:45:00,2024-01-12 13:00:00,BUY,159.16,151.28,151.3,174.82,13,-103.31,-0.0499,SL_HIT,5
2024-01-12 13:45:00,2024-01-12 19:45:00,SELL,142.71,149.39,152.23,123.7,10,-67.64,-0.0474,SIGNAL_EXIT,24
2024-01-12 20:15:00,2024-01-12 22:30:00,BUY,149.61,165.46,141.66,165.48,12,189.19,0.1054,TP_HIT,9
2024-01-12 23:30:00,2024-01-13 02:15:00,BUY,164.66,180.82,156.54,180.84,12,192.9,0.0976,TP_HIT,11
2024-01-13 02:45:00,2024-01-13 09:45:00,BUY,175.09,191.83,166.68,191.85,12,199.77,0.0951,TP_HIT,28
2024-01-13 10:00:00,2024-01-13 11:30:00,BUY,189.17,179.39,179.41,208.63,10,-98.67,-0.0522,SL_HIT,6
2024-01-13 11:45:00,2024-01-13 16:30:00,SELL,174.47,183.62,185.92,151.63,9,-83.14,-0.0529,SIGNAL_EXIT,19
2024-01-13 16:45:00,2024-01-14 00:15:00,BUY,186.53,207.23,176.14,207.25,10,205.97,0.1104,TP_HIT,30
2024-01-14 02:30:00,2024-01-14 06:30:00,BUY,216.39,240.97,204.06,240.99,8,195.63,0.113,TP_HIT,16
2024-01-14 07:45:00,2024-01-14 09:00:00,BUY,232.8,220.65,220.67,257.0,8,-98.13,-0.0527,SL_HIT,5
2024-01-14 09:30:00,2024-01-14 10:30:00,SELL,213.66,226.83,226.81,187.42,8,-106.3,-0.0622,SL_HIT,4
2024-01-14 11:00:00,2024-01-14 12:00:00,BUY,230.18,219.17,216.64,257.2,7,-77.87,-0.0483,SIGNAL_EXIT,4
2024-01-14 12:30:00,2024-01-14 19:00:00,BUY,230.89,224.41,214.42,263.77,6,-39.59,-0.0286,SIGNAL_EXIT,26
2024-01-14 19:15:00,2024-01-15 03:00:00,SELL,222.48,227.25,236.25,195.0,7,-34.22,-0.022,SIGNAL_EXIT,31
2024-01-15 03:15:00,2024-01-15 06:30:00,BUY,226.67,249.81,215.06,249.83,9,207.07,0.1015,TP_HIT,13
2024-01-15 06:45:00,2024-01-15 09:30:00,BUY,248.42,234.02,234.04,277.12,7,-101.68,-0.0585,SL_HIT,11
2024-01-15 09:45:00,2024-01-15 12:45:00,SELL,233.84,240.45,247.74,206.1,7,-47.16,-0.0288,SIGNAL_EXIT,12
2024-01-15 13:00:00,2024-01-15 13:30:00,BUY,237.19,232.83,223.76,263.99,7,-31.38,-0.0189,SIGNAL_EXIT,2
2024-01-15 13:45:00,2024-01-15 16:15:00,SELL,232.5,245.25,245.23,207.1,8,-103.04,-0.0554,SL_HIT,10
2024-01-15 16:30:00,2024-01-15 19:30:00,BUY,247.08,232.3,232.32,276.54,7,-104.33,-0.0603,SL_HIT,12
2024-01-15 19:45:00,2024-01-15 20:00:00,SELL,230.32,244.06,244.04,202.94,7,-97.09,-0.0602,SL_HIT,1
2024-01-15 21:15:00,2024-01-16 04:45:00,BUY,245.6,240.85,231.86,273.02,7,-34.15,-0.0199,SIGNAL_EXIT,30
2024-01-16 05:00:00,2024-01-16 06:45:00,SELL,240.39,254.21,254.18,212.87,7,-97.63,-0.058,SL_HIT,7
2024-01-16 07:00:00,2024-01-16 10:15:00,BUY,252.65,242.36,239.63,278.6,7,-72.87,-0.0412,SIGNAL_EXIT,13
2024-01-16 10:30:00,2024-01-16 16:30:00,SELL,241.6,211.54,256.67,211.52,6,179.69,0.124,TP_HIT,24
2024-01-16 16:45:00,2024-01-16 18:45:00,SELL,215.54,227.66,227.64,191.4,8,-97.91,-0.0568,SL_HIT,8
2024-01-16 20:00:00,2024-01-17 03:45:00,BUY,239.9,268.59,225.51,268.62,7,199.88,0.119,TP_HIT,31
2024-01-17 05:00:00,2024-01-17 12:30:00,BUY,270.78,298.7,256.76,298.73,7,194.42,0.1026,TP_HIT,30
2024-01-17 13:00:00,2024-01-17 23:15:00,BUY,300.47,334.83,283.23,334.86,6,205.13,0.1138,TP_HIT,41
2024-01-18 02:45:00,2024-01-18 09:45:00,BUY,357.39,348.85,336.53,398.99,5,-43.58,-0.0244,SIGNAL_EXIT,28
2024-01-18 10:00:00,2024-01-18 12:30:00,SELL,333.85,357.17,357.13,287.38,4,-93.99,-0.0704,SL_HIT,10
2024-01-18 13:15:00,2024-01-18 23:00:00,SELL,348.89,307.93,369.43,307.9,5,204.0,0.1169,TP_HIT,39
2024-01-18 23:15:00,2024-01-19 05:15:00,SELL,305.73,315.78,326.27,264.74,5,-51.05,-0.0334,SIGNAL_EXIT,24
2024-01-19 05:30:00,2024-01-19 11:45:00,BUY,312.35,346.81,295.06,346.84,6,205.68,0.1098,TP_HIT,25
2024-01-19 12:00:00,2024-01-19 15:30:00,BUY,343.98,380.41,325.7,380.45,5,181.19,0.1053,TP_HIT,14
2024-01-19 15:45:00,2024-01-20 01:00:00,BUY,373.59,408.99,355.81,409.03,6,211.18,0.0942,TP_HIT,37
2024-01-20 01:15:00,2024-01-20 04:45:00,BUY,399.57,442.43,378.06,442.47,5,213.17,0.1067,TP_HIT,14
2024-01-20 05:15:00,2024-01-20 14:00:00,BUY,420.28,470.75,394.96,470.8,4,200.94,0.1195,TP_HIT,35
2024-01-20 14:15:00,2024-01-20 15:45:00,BUY,465.45,441.3,441.34,513.52,4,-97.49,-0.0524,SL_HIT,6
2024-01-20 16:00:00,2024-01-20 17:15:00,BUY,454.76,506.16,428.96,506.21,4,204.6,0.1125,TP_HIT,5
2024-01-20 18:00:00,2024-01-20 23:00:00,BUY,488.17,457.74,457.79,548.78,3,-91.96,-0.0628,SL_HIT,20
2024-01-21 00:00:00,2024-01-21 09:00:00,SELL,451.98,399.87,478.13,399.83,4,207.66,0.1149,TP_HIT,36
2024-01-21 09:30:00,2024-01-21 11:45:00,SELL,403.92,424.98,424.94,362.0,5,-106.38,-0.0527,SL_HIT,9
2024-01-21 12:00:00,2024-01-21 18:45:00,SELL,416.21,422.7,435.81,377.13,6,-40.23,-0.0161,SIGNAL_EXIT,27
2024-01-21 20:00:00,2024-01-21 21:15:00,BUY,422.14,402.16,394.92,476.46,4,-80.73,-0.0478,SIGNAL_EXIT,5
2024-01-21 21:30:00,2024-01-21 22:00:00,SELL,406.79,423.38,430.62,359.25,4,-67.22,-0.0413,SIGNAL_EXIT,2
2024-01-21 23:15:00,2024-01-22 04:15:00,SELL,408.34,412.6,433.45,358.24,4,-17.87,-0.0109,SIGNAL_EXIT,20
2024-01-22 04:30:00,2024-01-22 06:30:00,BUY,410.46,392.26,392.3,446.66,6,-110.38,-0.0448,SL_HIT,8
2024-01-22 07:00:00,2024-01-22 08:45:00,BUY,422.03,399.88,399.92,466.13,5,-111.76,-0.053,SL_HIT,7
2024-01-22 09:00:00,2024-01-22 14:00:00,SELL,400.96,404.33,427.07,348.86,4,-14.29,-0.0089,SIGNAL_EXIT,20
2024-01-22 14:15:00,2024-01-22 18:15:00,BUY,406.12,390.82,380.52,457.2,4,-61.98,-0.0382,SIGNAL_EXIT,16
2024-01-22 18:30:00,2024-01-23 00:45:00,BUY,409.22,410.71,379.21,469.12,3,3.85,0.0031,SIGNAL_EXIT,25
2024-01-23 01:00:00,2024-01-23 01:30:00,SELL,415.94,425.05,440.28,367.38,4,-37.31,-0.0224,SIGNAL_EXIT,2
2024-01-23 01:45:00,2024-01-23 05:00:00,BUY,429.59,450.27,407.22,474.21,5,102.26,0.0476,END_OF_DATA,13
